Workbook
Name DATAJABATAN: [1]DATABASE!$A$2:$N$7

Sheet DATA
A1: DATA
A2: 1 | B2: KODE JABATAN | C2: : | D2: 23.1.1.0.8 | F2: 1
A3: 2 | B3: NAMA JABATAN | C3: : | D3: Pengadministrasi Perkantoran | F3: 2
A4: 3 | B4: UNIT KERJA ESELON IV | C4: : | D4: - | F4: 3
A5: 4 | B5: UNIT KERJA ESELON III | C5: : | D5: Sekretariat Dinas Penanaman Modal dan Pelayanan Terpadu Satu Pintu | F5: 4
A6: 5 | B6: PERANGKAT DAERAH | C6: : | D6: Dinas Penanaman Modal dan Pelayanan Terpadu Satu Pintu | F6: 5
A7: 6 | B7: ATASAN LANGSUNG | C7: : | D7: Sekretaris Dinas Penanaman Modal dan Pelayanan Terpadu Satu Pintu | F7: 8
A8: 7 | B8: ATASAN ATASAN LANGSUNG | C8: : | D8: Kepala Dinas Penanaman Modal dan Pelayanan Terpadu Satu Pintu | F8: 9
A9: 8 | B9: BIDANG TUGAS-NOMENKLATUR JABATAN | C9: : | D9: perencanaan, evaluasi, dan pelaporan | F9: 10
A10: 9 | B10: URUSAN-KEGIATAN | C10: : | F10: 11
A11: 10 | B11: PENDIDIKAN | C11: : | D11: SLTA Sederajat/D-3(Diploma-Tiga) bidang yang relevan dengan tugas jabatan | F11: 13
A12: 11 | B12: TUGAS-IKHTISAR JABATAN | C12: : | D12: Melaksanakan kegiatan dukungan administrasi perkantoran, pemerintahan, dan pelayanan publik dalam lingkup tugas perencanaan, evaluasi, dan pelaporan | F12: 14
A13: 12 | B13: KEBUTUHAN SDM | C13: : | D13: 1 | F13: 7
A14: 13 | B14: LEVEL FAKTOR 1 (STRUKTURAL) | C14: : | D14: 0 | F14: 16
A15: 14 | B15: LEVEL FAKTOR 2 | C15: : | D15: 0 | F15: 17
A16: 15 | B16: LEVEL FAKTOR 3 | C16: : | D16: 0 | F16: 18
A17: 16 | B17: LEVEL FAKTOR 4A | C17: : | D17: 0 | F17: 19
A18: 17 | B18: LEVEL FAKTOR 4B | C18: : | D18: 0 | F18: 20
A19: 18 | B19: LEVEL FAKTOR 5 | C19: : | D19: 0 | F19: 21
A20: 19 | B20: LEVEL FAKTOR 6 | C20: : | D20: 0 | F20: 22
A21: 20 | B21: LEVEL FAKTOR 1 (JF-PELAKSANA) | C21: : | D21: 3 | F21: 23
A22: 21 | B22: LEVEL FAKTOR 2 | C22: : | D22: 1 | F22: 24
A23: 22 | B23: LEVEL FAKTOR 3 | C23: : | D23: 1 | F23: 25
A24: 23 | B24: LEVEL FAKTOR 4 | C24: : | D24: 1 | F24: 26
... A30: 29 | B30: KELAS JABATAN | C30: : | D30: 5 | F30: 15
A31: 30 | B31: PANGKAT-GOL | C31: : | D31: Minimal Pengatur Muda (II/a) | F31: 32
A32: 31 | B32: DIKLAT PENJENJANGAN JF | C32: : | D32: - | F32: 33
A33: 32 | B33: PENGALAMAN KERJA KHUSUS | C33: : | D33: - | F33: 34
A34: 33 | B34: URTUG_1 | C34: : | D34: Melakukan penatausahaan surat dan dokumen yang meliputi penerimaan, penelitian, verifikasi, pencatatan, dan distribusi surat dan dokumen dalam lingkup tugas perencanaan, evaluasi, dan pelaporan | F34: 35
A35: 34 | B35: URTUG_2 | C35: : | D35: Menyusun dan menyediakan surat dan dokumen sesuai tata naskah dinas yang berlaku dalam lingkup tugas perencanaan, evaluasi, dan pelaporan | F35: 36
A36: 35 | B36: URTUG_3 | C36: : | D36: Melakukan penyimpanan dan pengarsipan sesuai dengan tata kelola arsip terhadap surat dan dokumen dalam lingkup tugas perencanaan, evaluasi, dan pelaporan | F36: 37
A37: 36 | B37: URTUG_4 | C37: : | D37: Melakukan kegiatan pelayanan publik dalam lingkup tugas perencanaan, evaluasi, dan pelaporan | F37: 38
A38: 37 | B38: URTUG_5 | C38: : | D38: Melaksanakan pemberian dukungan teknis terhadap pelaksanaan tugas dan fungsi unit organisasi berupa penyiapan dan penyusunan dokumen, data, bahan, dan perlengkapan kegiatan dalam rangka pencapaian target kinerja organisasi. | F38: 39
A39: 38 | B39: URTUG_6 | C39: : | D39: Menyusun laporan pelaksanaan tugas dan menyampaikan kepada pimpinan sebagai wujud akuntabilitas dan pertanggungjawaban pelaksanaan tugas. | F39: 40
A40: 39 | B40: URTUG_7 | C40: : | D40: Melaksanakan tugas kedinasan lain yang diberikan oleh pimpinan, baik lisan maupun tertulis sebagai wujud loyalitas dan kerjasama yang baik. | F40: 41
A41: 40 | B41: URTUG_8 | C41: : | D41: - | F41: 42
A42: 41 | B42: URTUG_9 | C42: : | D42: - | F42: 43
... A47: 46 | B47: URTUG_14 | C47: : | D47: - | F47: 48
A48: 47 | B48: JM HASIL-1 | C48: : | D48: 240 | F48: 49
A49: 48 | B49: WAKTU PENYELESAIAN-1 | C49: : | D49: 1,5 | F49: 50
A50: 49 | B50: JM HASIL-2 | C50: : | D50: 48 | F50: 51
A51: 50 | B51: WAKTU PENYELESAIAN-2 | C51: : | D51: 4,5 | F51: 52
A52: 51 | B52: JM HASIL-3 | C52: : | D52: 12 | F52: 53
A53: 52 | B53: WAKTU PENYELESAIAN-3 | C53: : | D53: 3 | F53: 54
A54: 53 | B54: JM HASIL-4 | C54: : | D54: 240 | F54: 55
A55: 54 | B55: WAKTU PENYELESAIAN-4 | C55: : | D55: 1,5 | F55: 56
A56: 55 | B56: JM HASIL-5 | C56: : | D56: 240 | F56: 57
A57: 56 | B57: WAKTU PENYELESAIAN-5 | C57: : | D57: 1 | F57: 58
A58: 57 | B58: JM HASIL-6 | C58: : | D58: 12 | F58: 59
A59: 58 | B59: WAKTU PENYELESAIAN-6 | C59: : | D59: 3 | F59: 60
A60: 59 | B60: JM HASIL-7 | C60: : | D60: 2 | F60: 61
A61: 60 | B61: WAKTU PENYELESAIAN-7 | C61: : | D61: 1,5 | F61: 62
A62: 61 | B62: JM HASIL-8 | C62: : | D62: 0 | F62: 63
A63: 62 | B63: WAKTU PENYELESAIAN-8 | C63: : | D63: 0 | F63: 64
A64: 63 | B64: JM HASIL-9 | C64: : | D64: 0 | F64: 65
A65: 64 | B65: WAKTU PENYELESAIAN-9 | C65: : | D65: 0 | F65: 66
A66: 65 | B66: JM HASIL-10 | C66: : | D66: 0 | F66: 67
A67: 66 | B67: WAKTU PENYELESAIAN-10 | C67: : | D67: 0 | F67: 68
A68: 67 | B68: JM HASIL-11 | C68: : | D68: 0 | F68: 69
A69: 68 | B69: WAKTU PENYELESAIAN-11 | C69: : | D69: 0 | F69: 70
A70: 69 | B70: JM HASIL-12 | C70: : | D70: 0 | F70: 71
A71: 70 | B71: WAKTU PENYELESAIAN-12 | C71: : | D71: 0 | F71: 72
A72: 71 | B72: JM HASIL-13 | C72: : | D72: 0 | F72: 73
A73: 72 | B73: WAKTU PENYELESAIAN-13 | C73: : | D73: 0 | F73: 74
... A75: 74 | B75: WAKTU PENYELESAIAN-14 | C75: : | D75: 0 | F75: 76
A76: 75 | B76: HASIL KERJA 1 | C76: : | D76: Laporan kegiatan penatausahaan surat dan dokumen dalam lingkup tugas perencanaan, evaluasi, dan pelaporan | F76: 77
A77: 76 | B77: HASIL KERJA 2 | C77: : | D77: Dokumen dan surat dalam lingkup tugas perencanaan, evaluasi, dan pelaporan | F77: 78
A78: 77 | B78: HASIL KERJA 3 | C78: : | D78: Arsip surat dan dokumen dalam lingkup tugas perencanaan, evaluasi, dan pelaporan | F78: 79
A79: 78 | B79: HASIL KERJA 4 | C79: : | D79: Laporan kegiatan pelayanan publik dalam lingkup tugas perencanaan, evaluasi, dan pelaporan | F79: 80
A80: 79 | B80: HASIL KERJA 5 | C80: : | D80: Dokumen, bahan, dan perlengkapan kegiatan tugas dan fungsi unit organisasi | F80: 81
A81: 80 | B81: HASIL KERJA 6 | C81: : | D81: Laporan bulanan pelaksanaan tugas dan kegiatan | F81: 82
A82: 81 | B82: HASIL KERJA 7 | C82: : | D82: Laporan tugas tambahan/kedinasan lainnya | F82: 83
A83: 82 | B83: HASIL KERJA 8 | C83: : | D83: - | F83: 84
A84: 83 | B84: HASIL KERJA 9 | C84: : | D84: - | F84: 85
A85: 84 | B85: HASIL KERJA 10 | C85: : | D85: - | F85: 86
A86: 85 | B86: HASIL KERJA 11 | C86: : | D86: - | F86: 87
A87: 86 | B87: HASIL KERJA 12 | C87: : | D87: - | F87: 88
... A91: 90 | B91: PENYEBAB TAMBAHAN RISIKO KERJA | C91: : | D91: - | F91: 92
A92: 91 | B92: JUMLAH BEBAN KERJA | C92: : | D92: 1251 | F92: 96

Sheet URAIAN JABATAN
A5: PEMERINTAH KOTA SEMARANG
A7: URAIAN JABATAN
A9: 1. | B9: Nama Jabatan | F9: : | G9: =DATA!D3 -> Pengadministrasi Perkantoran
A10: 2. | B10: Kode Jabatan | F10: : | G10: =DATA!D2 -> 23.1.1.0.8
A11: 3. | B11: Unit Kerja | F11: :
B12: Eselon II/ Perangkat Daerah/UOBK | F12: : | G12: =DATA!D6 -> Dinas Penanaman Modal dan Pelayanan Terpadu Satu Pintu
B13: Eselon III | F13: : | G13: =DATA!D5 -> Sekretariat Dinas Penanaman Modal dan Pelayanan Terpadu Satu Pintu
B14: Eselon IV | F14: : | G14: =DATA!D4 -> -
A15: 4. | B15: Kedudukan Dalam Struktur Organisasi | K15: :
G17: =DATA!D8 -> Kepala Dinas Penanaman Modal dan Pelayanan Terpadu Satu Pintu
G22: =DATA!D7 -> Sekretaris Dinas Penanaman Modal dan Pelayanan Terpadu Satu Pintu
G27: =DATA!D3 -> Pengadministrasi Perkantoran
A32: 5. | B32: Ikhtisar Jabatan | F32: :
B33: =DATA!D12&"." -> Melaksanakan kegiatan dukungan administrasi perkantoran, pemerintahan, dan pelayanan publik dalam lingkup tugas perencanaan, evaluasi, dan pelaporan.
A34: 6. | B34: Uraian Tugas | F34: :
B35: a. | C35: =DATA!D34 -> Melakukan penatausahaan surat dan dokumen yang meliputi penerimaan, penelitian, verifikasi, pencatatan, dan distribusi surat dan dokumen dalam lingkup tugas perencanaan, evaluasi, dan pelaporan
B36: b. | C36: =DATA!D35 -> Menyusun dan menyediakan surat dan dokumen sesuai tata naskah dinas yang berlaku dalam lingkup tugas perencanaan, evaluasi, dan pelaporan
B37: c. | C37: =DATA!D36 -> Melakukan penyimpanan dan pengarsipan sesuai dengan tata kelola arsip terhadap surat dan dokumen dalam lingkup tugas perencanaan, evaluasi, dan pelaporan
B38: d. | C38: =DATA!D37 -> Melakukan kegiatan pelayanan publik dalam lingkup tugas perencanaan, evaluasi, dan pelaporan
B39: e. | C39: =DATA!D38 -> Melaksanakan pemberian dukungan teknis terhadap pelaksanaan tugas dan fungsi unit organisasi berupa penyiapan dan penyusunan dokumen, data, bahan, dan perlengkapan kegiatan dalam rangka pencapaian target kinerja organisasi.
B40: f. | C40: =DATA!D39 -> Menyusun laporan pelaksanaan tugas dan menyampaikan kepada pimpinan sebagai wujud akuntabilitas dan pertanggungjawaban pelaksanaan tugas.
B41: g. | C41: =DATA!D40 -> Melaksanakan tugas kedinasan lain yang diberikan oleh pimpinan, baik lisan maupun tertulis sebagai wujud loyalitas dan kerjasama yang baik.
C42: =Y42 -> 0
A43: 7. | B43: Bahan Kerja | E43: :
B45: No | C45: Bahan Kerja | N45: Penggunaan Dalam Tugas
B46: 1 | C46: Surat/dokumen yang terkait dengan bidang tugas. | N46: Dasar dan acuan dalam pelaksanaan tugas.
B47: 2 | C47: Data primer dan sekunder yang terkait dengan pelaksanaan tugas. | N47: Bahan dan materi penyusunan dokumen.
B48: 3 | C48: Materi rapat/sosialisasi/bimbingan teknis. | N48: Referensi dalam pelaksanaan tugas.
B49: 4 | C49: Buku/Karya Ilmiah | N49: Referensi dalam pelaksanaan tugas.
B50: 5 | C50: Kajian yang terkait dengan bidang tugas. | N50: Referensi dalam pelaksanaan tugas.
B51: 6 | C51: Informasi yang terkait dengan bidang tugas. | N51: Referensi dalam pelaksanaan tugas.
A53: 8. | B53: Perangkat Kerja | G53: :
B55: No | C55: Perangkat Kerja | N55: Digunakan Untuk Tugas
B56: 1 | C56: Peraturan Perundang-undangan terkait pelaksanaan tugas. | N56: Pedoman pelaksanaan tugas.
B57: 2 | C57: Petunjuk pelaksanaan dan petunjuk teknis | N57: Dasar dan acuan dalam pelaksanaan tugas.
B58: 3 | C58: SOP yang terkait dengan pelaksanaan tugas. | N58: Dasar dan acuan dalam pelaksanaan tugas.
B59: 4 | C59: Disposisi pimpinan. | N59: Petunjuk pelaksanaan tugas.
A61: 9. | B61: Hasil Kerja | E61: :
B63: No | C63: Hasil Kerja | Q63: Jumlah Satuan | T63: Waktu Yg diperlukan (jam)
B65: 1 | C65: =DATA!D76 -> Laporan kegiatan penatausahaan surat dan dokumen dalam lingkup tugas perencanaan, evaluasi, dan pelaporan | Q65: =DATA!$D48 -> 240 | T65: =DATA!D49 -> 1,5
B66: 2 | C66: =DATA!D77 -> Dokumen dan surat dalam lingkup tugas perencanaan, evaluasi, dan pelaporan | Q66: =DATA!D50 -> 48 | T66: =DATA!D51 -> 4,5
B67: 3 | C67: =DATA!D78 -> Arsip surat dan dokumen dalam lingkup tugas perencanaan, evaluasi, dan pelaporan | Q67: =DATA!D52 -> 12 | T67: =DATA!D53 -> 3
B68: 4 | C68: =DATA!D79 -> Laporan kegiatan pelayanan publik dalam lingkup tugas perencanaan, evaluasi, dan pelaporan | Q68: =DATA!D54 -> 240 | T68: =DATA!D55 -> 1,5
B69: 5 | C69: =DATA!D80 -> Dokumen, bahan, dan perlengkapan kegiatan tugas dan fungsi unit organisasi | Q69: =DATA!D56 -> 240 | T69: =DATA!D57 -> 1
B70: 6 | C70: =DATA!D81 -> Laporan bulanan pelaksanaan tugas dan kegiatan | Q70: =DATA!D58 -> 12 | T70: =DATA!D59 -> 3
B71: 7 | C71: =DATA!D82 -> Laporan tugas tambahan/kedinasan lainnya | Q71: =DATA!D60 -> 2 | T71: =DATA!D61 -> 1,5
A73: 10. | B73: Tanggung Jawab | F73: :
B75: a. | C75: ="Keakuratan dan kelengkapan "&(C65) -> Keakuratan dan kelengkapan Laporan kegiatan penatausahaan surat dan dokumen dalam lingkup tugas perencanaan, evaluasi, dan pelaporan
B76: b. | C76: ="Keakuratan dan kelengkapan "&(C66) -> Keakuratan dan kelengkapan Dokumen dan surat dalam lingkup tugas perencanaan, evaluasi, dan pelaporan
B77: c. | C77: ="Keakuratan dan kelengkapan "&(C67) -> Keakuratan dan kelengkapan Arsip surat dan dokumen dalam lingkup tugas perencanaan, evaluasi, dan pelaporan
B78: d. | C78: ="Keakuratan dan kelengkapan "&(C68) -> Keakuratan dan kelengkapan Laporan kegiatan pelayanan publik dalam lingkup tugas perencanaan, evaluasi, dan pelaporan
B79: e. | C79: ="Kelancaran pelaksanaan kegiatan serta keakuratan dan kelengkapan "&LOWER(C69) -> Kelancaran pelaksanaan kegiatan serta keakuratan dan kelengkapan dokumen, bahan, dan perlengkapan kegiatan tugas dan fungsi unit organisasi
B80: f. | C80: ="Keakuratan dan kelengkapan "&LOWER(C70) -> Keakuratan dan kelengkapan laporan bulanan pelaksanaan tugas dan kegiatan
B81: g. | C81: ="Keakuratan dan kelengkapan "&LOWER(C71) -> Keakuratan dan kelengkapan laporan tugas tambahan/kedinasan lainnya
A83: 11. | B83: Wewenang | E83: :
B85: a. | C85: Menentukan teknis pelaksanaan tugas dan penyusunan laporan terkait bidang tugas.
B86: b. | C86: Melakukan verifikasi terhadap data dan dokumen yang terkait bidang tugas.
B87: c. | C87: Menolak pelaksanaan tugas yang tidak sesuai dengan peraturan perundang-undangan.
A89: 12. | B89: Korelasi Jabatan | F89: :
B91: No | C91: Jabatan | J91: Unit Kerja/ Instansi | Q91: Dalam Hal
B92: 1 | C92: =DATA!D7 -> Sekretaris Dinas Penanaman Modal dan Pelayanan Terpadu Satu Pintu | J92: =IF(Y92="-",Z92,Y92) -> Sekretariat Dinas Penanaman Modal dan Pelayanan Terpadu Satu Pintu | Q92: Menerima perintah, konsultasi dan laporan. | Y92: =DATA!D4 -> - | Z92: =DATA!D5 -> Sekretariat Dinas Penanaman Modal dan Pelayanan Terpadu Satu Pintu
B93: 2 | C93: Jabatan Fungsional dan Pelaksana | J93: =J92 -> Sekretariat Dinas Penanaman Modal dan Pelayanan Terpadu Satu Pintu | Q93: Koordinasi pelaksanaan tugas.
A95: 13. | B95: Kondisi Lingkungan Kerja | I95: :
B97: No | C97: Aspek | L97: Faktor
B98: 1 | C98: Lokasi kerja | L98: Dalam ruangan tertutup dan luar ruangan
B99: 2 | C99: Suhu | L99: Sejuk dengan perubahan
B100: 3 | C100: Udara | L100: Kering
B101: 4 | C101: Luas ruangan | L101: Cukup
B102: 5 | C102: Letak | L102: Rendah, rata, dan strategis
B103: 6 | C103: Penerangan | L103: Terang
B104: 7 | C104: Suara | L104: Tenang
B105: 8 | C105: Keadaan tempat kerja | L105: Bersih
B106: 9 | C106: Getaran | L106: -
A108: 14. | B108: Resiko Bahaya | F108: :
B110: No | C110: Fisik/Mental | L110: Penyebab
B111: 1 | C111: Kelelahan | L111: Beban pelaksanaan tugas
B112: 2 | C112: Kejenuhan | L112: Rutinitas
B113: 3 | C113: =DATA!D90 -> - | L113: =DATA!D91 -> -
A115: 15. | B115: Syarat Jabatan | F115: :
B116: a. | C116: Pangkat/Gol. Ruang | H116: : | I116: =DATA!D31 -> Minimal Pengatur Muda (II/a)
B117: b. | C117: Pendidikan | H117: : | I117: =DATA!D11 -> SLTA Sederajat/D-3(Diploma-Tiga) bidang yang relevan dengan tugas jabatan
B118: c. | C118: Kursus/Diklat | H118: :
C119: 1) | D119: Penjenjangan | H119: : | I119: =DATA!D32 -> -
C120: 2) | D120: Teknis | H120: : | I120: Kursus/diklat teknis sesuai bidang tugas.
B121: d. | C121: Pengalaman kerja | H121: : | I121: =DATA!D33 -> -
B122: e. | C122: Pengetahuan kerja | H122: : | I122: Memiliki pengetahuan sesuai bidang tugas.
B123: f. | C123: Ketrampilan Kerja | H123: : | I123: Administrasi umum, menyusun dokumen, dan menguasai penggunaan bahan kerja.
B124: g. | C124: Bakat Kerja | H124: :
C125: 1) | D125: G | E125: = | F125: Intelegensia (Kemampuan belajar secara umum)
C126: 2) | D126: F | E126: = | F126: Kecekatan Jari (Kemampuan menggerakkan jari jemari dengan mudah dan perlu ketrampilan)
B127: h. | C127: Temperamen Kerja
C128: 1) | D128: P (DEPL) | G128: = | H128: Kemampuan menyesuaikan diri dalam berhubungan dengan orang lain lebih dari hanya penerimaan dan pembuatan instruksi.
C129: 2) | D129: R (REPCON) | G129: = | H129: Kemampuan menyesuaikan diri dalam kegiatan-kegiatan yang berulang, atau secara terus menerus melakukan kegiatan yang sama, sesuai dengan perangkat prosedur, urutan atau kecepatan tertentu.
C130: 3) | D130: T (STS) | G130: = | H130: Kemampuan menyesuaikan diri dengan situasi yang menghendaki pencapaian dengan tepat menurut perangkat batas, toleransi atau standar-standar tertentu.
B131: i. | C131: Minat Kerja | F131: :
C132: 1) | D132: Sosial | H132: : | I132: Aktivitas yang bersifat sosial atau memerlukan ketrampilan berkomunikasi dengan orang lain.
C133: 2) | D133: Konvensional | H133: : | I133: Aktivitas yang memerlukan manipulasi data yang eksplisit, kegiatan administrasi, rutin, dan klerikal.
B134: j. | C134: Upaya Fisik | F134: :
C135: 1) | D135: Berdiri
C136: 2) | D136: Duduk
...

Sheet ABK
A1: ANALISIS BEBAN KERJA (ABK) | P1: =DATA!D13 -> 1
A3: 1. | B3: NAMA JABATAN | E3: : | F3: ='URAIAN JABATAN'!G9 -> Pengadministrasi Perkantoran
A4: 2. | B4: UNIT KERJA | E4: : | F4: =IF(P4="-",Q4,(P4&", "&Q4)) -> Sekretariat Dinas Penanaman Modal dan Pelayanan Terpadu Satu Pintu | P4: =DATA!D4 -> - | Q4: =DATA!D5 -> Sekretariat Dinas Penanaman Modal dan Pelayanan Terpadu Satu Pintu
A5: 3. | B5: PERANGKAT DAERAH/UOBK | E5: : | F5: =DATA!D6 -> Dinas Penanaman Modal dan Pelayanan Terpadu Satu Pintu
A6: 4. | B6: IKHTISAR JABATAN | E6: : | F6: ='URAIAN JABATAN'!B33 -> Melaksanakan kegiatan dukungan administrasi perkantoran, pemerintahan, dan pelayanan publik dalam lingkup tugas perencanaan, evaluasi, dan pelaporan.
A8: No | B8: Uraian Jabatan | J8: Satuan Hasil | K8: Jumlah Hasil | L8: Waktu Penyelesaian (Jam) | M8: Waktu Efektif (Jam) | N8: Kebutuhan Pegawai | O8: Ket
A9: 1 | B9: 2 | J9: 3 | K9: 4 | L9: 5 | M9: 6 | N9: 7 | O9: 8
A10: 1 | B10: =DATA!D34 -> Melakukan penatausahaan surat dan dokumen yang meliputi penerimaan, penelitian, verifikasi, pencatatan, dan distribusi surat dan dokumen dalam lingkup tugas perencanaan, evaluasi, dan pelaporan | J10: Dokumen/ laporan | K10: =DATA!D48 -> 240 | L10: =DATA!D49 -> 1,5 | M10: 1250 | N10: =K10*L10/M10 -> #VALUE! | Q10: =SUM(K10*L10) -> #VALUE!
A11: 2 | B11: =DATA!D35 -> Menyusun dan menyediakan surat dan dokumen sesuai tata naskah dinas yang berlaku dalam lingkup tugas perencanaan, evaluasi, dan pelaporan | J11: Dokumen/ laporan | K11: =DATA!D50 -> 48 | L11: =DATA!D51 -> 4,5 | M11: 1250 | N11: =K11*L11/M11 -> #VALUE! | Q11: =SUM(K11*L11) -> #VALUE!
A12: 3 | B12: =DATA!D36 -> Melakukan penyimpanan dan pengarsipan sesuai dengan tata kelola arsip terhadap surat dan dokumen dalam lingkup tugas perencanaan, evaluasi, dan pelaporan | J12: Dokumen/ laporan | K12: =DATA!D52 -> 12 | L12: =DATA!D53 -> 3 | M12: 1250 | N12: =K12*L12/M12 -> 0.0288 | Q12: =SUM(K12*L12) -> 36
A13: 4 | B13: =DATA!D37 -> Melakukan kegiatan pelayanan publik dalam lingkup tugas perencanaan, evaluasi, dan pelaporan | J13: Dokumen/ laporan | K13: =DATA!D54 -> 240 | L13: =DATA!D55 -> 1,5 | M13: 1250 | N13: =K13*L13/M13 -> #VALUE! | Q13: =SUM(K13*L13) -> #VALUE!
A14: 5 | B14: =DATA!D38 -> Melaksanakan pemberian dukungan teknis terhadap pelaksanaan tugas dan fungsi unit organisasi berupa penyiapan dan penyusunan dokumen, data, bahan, dan perlengkapan kegiatan dalam rangka pencapaian target kinerja organisasi. | J14: Dokumen/ laporan | K14: =DATA!D56 -> 240 | L14: =DATA!D57 -> 1 | M14: 1250 | N14: =K14*L14/M14 -> 0.192 | Q14: =SUM(K14*L14) -> 240
A15: 6 | B15: =DATA!D39 -> Menyusun laporan pelaksanaan tugas dan menyampaikan kepada pimpinan sebagai wujud akuntabilitas dan pertanggungjawaban pelaksanaan tugas. | J15: Dokumen/ laporan | K15: =DATA!D58 -> 12 | L15: =DATA!D59 -> 3 | M15: 1250 | N15: =K15*L15/M15 -> 0.0288 | Q15: =SUM(K15*L15) -> 36
A16: 7 | B16: =DATA!D40 -> Melaksanakan tugas kedinasan lain yang diberikan oleh pimpinan, baik lisan maupun tertulis sebagai wujud loyalitas dan kerjasama yang baik. | J16: Dokumen/ laporan | K16: =DATA!D60 -> 2 | L16: =DATA!D61 -> 1,5 | M16: 1250 | N16: =K16*L16/M16 -> #VALUE! | Q16: =SUM(K16*L16) -> #VALUE!
A17: Jumlah | N17: =SUM(N10:N16) -> #VALUE!
A18: Jumlah Pegawai | N18: =DATA!D13 -> 1
I19: Jumlah Beban Kerja Jabatan | L19: =SUM(Q10:Q16) -> #VALUE!

Sheet INFOFAK
A5: PEMERINTAH KOTA SEMARANG
A7: INFORMASI FAKTOR JABATAN PELAKSANA
A9: Nama Jabatan | G9: : | H9: ='URAIAN JABATAN'!G9 -> Pengadministrasi Perkantoran
A10: Unit Organisasi | G10: :
A11: Eselon IV | G11: : | H11: =DATA!D4 -> -
A12: Eselon III | G12: : | H12: =DATA!D5 -> Sekretariat Dinas Penanaman Modal dan Pelayanan Terpadu Satu Pintu
A13: Perangkat Daerah/UOBK | G13: : | H13: =DATA!D6 -> Dinas Penanaman Modal dan Pelayanan Terpadu Satu Pintu
A15: I. | B15: PERAN JABATAN
B16: ="Jabatan ini "&LOWER('URAIAN JABATAN'!B33) -> Jabatan ini melaksanakan kegiatan dukungan administrasi perkantoran, pemerintahan, dan pelayanan publik dalam lingkup tugas perencanaan, evaluasi, dan pelaporan.
A17: II. | B17: TUGAS DAN TANGGUNG JAWAB UTAMA
B18: A. | C18: URAIAN TUGAS
C19: 1 | D19: ='URAIAN JABATAN'!C35 -> Melakukan penatausahaan surat dan dokumen yang meliputi penerimaan, penelitian, verifikasi, pencatatan, dan distribusi surat dan dokumen dalam lingkup tugas perencanaan, evaluasi, dan pelaporan
C20: 2 | D20: ='URAIAN JABATAN'!C36 -> Menyusun dan menyediakan surat dan dokumen sesuai tata naskah dinas yang berlaku dalam lingkup tugas perencanaan, evaluasi, dan pelaporan
C21: 3 | D21: ='URAIAN JABATAN'!C37 -> Melakukan penyimpanan dan pengarsipan sesuai dengan tata kelola arsip terhadap surat dan dokumen dalam lingkup tugas perencanaan, evaluasi, dan pelaporan
C22: 4 | D22: ='URAIAN JABATAN'!C38 -> Melakukan kegiatan pelayanan publik dalam lingkup tugas perencanaan, evaluasi, dan pelaporan
C23: 5 | D23: ='URAIAN JABATAN'!C39 -> Melaksanakan pemberian dukungan teknis terhadap pelaksanaan tugas dan fungsi unit organisasi berupa penyiapan dan penyusunan dokumen, data, bahan, dan perlengkapan kegiatan dalam rangka pencapaian target kinerja organisasi.
C24: 6 | D24: ='URAIAN JABATAN'!C40 -> Menyusun laporan pelaksanaan tugas dan menyampaikan kepada pimpinan sebagai wujud akuntabilitas dan pertanggungjawaban pelaksanaan tugas.
C25: 7 | D25: ='URAIAN JABATAN'!C41 -> Melaksanakan tugas kedinasan lain yang diberikan oleh pimpinan, baik lisan maupun tertulis sebagai wujud loyalitas dan kerjasama yang baik.
B26: B. | C26: TANGGUNG JAWAB
C27: 1 | D27: ='URAIAN JABATAN'!C75 -> Keakuratan dan kelengkapan Laporan kegiatan penatausahaan surat dan dokumen dalam lingkup tugas perencanaan, evaluasi, dan pelaporan
C28: 2 | D28: ='URAIAN JABATAN'!C76 -> Keakuratan dan kelengkapan Dokumen dan surat dalam lingkup tugas perencanaan, evaluasi, dan pelaporan
C29: 3 | D29: ='URAIAN JABATAN'!C77 -> Keakuratan dan kelengkapan Arsip surat dan dokumen dalam lingkup tugas perencanaan, evaluasi, dan pelaporan
C30: 4 | D30: ='URAIAN JABATAN'!C78 -> Keakuratan dan kelengkapan Laporan kegiatan pelayanan publik dalam lingkup tugas perencanaan, evaluasi, dan pelaporan
C31: 5 | D31: ='URAIAN JABATAN'!C79 -> Kelancaran pelaksanaan kegiatan serta keakuratan dan kelengkapan dokumen, bahan, dan perlengkapan kegiatan tugas dan fungsi unit organisasi
C32: 6 | D32: ='URAIAN JABATAN'!C80 -> Keakuratan dan kelengkapan laporan bulanan pelaksanaan tugas dan kegiatan
C33: 7 | D33: ='URAIAN JABATAN'!C81 -> Keakuratan dan kelengkapan laporan tugas tambahan/kedinasan lainnya
A35: III. | B35: HASIL KERJA JABATAN
B36: 1 | C36: ='URAIAN JABATAN'!C65 -> Laporan kegiatan penatausahaan surat dan dokumen dalam lingkup tugas perencanaan, evaluasi, dan pelaporan
B37: 2 | C37: ='URAIAN JABATAN'!C66 -> Dokumen dan surat dalam lingkup tugas perencanaan, evaluasi, dan pelaporan
B38: 3 | C38: ='URAIAN JABATAN'!C67 -> Arsip surat dan dokumen dalam lingkup tugas perencanaan, evaluasi, dan pelaporan
B39: 4 | C39: ='URAIAN JABATAN'!C68 -> Laporan kegiatan pelayanan publik dalam lingkup tugas perencanaan, evaluasi, dan pelaporan
B40: 5 | C40: ='URAIAN JABATAN'!C69 -> Dokumen, bahan, dan perlengkapan kegiatan tugas dan fungsi unit organisasi
B41: 6 | C41: ='URAIAN JABATAN'!C70 -> Laporan bulanan pelaksanaan tugas dan kegiatan
B42: 7 | C42: ='URAIAN JABATAN'!C71 -> Laporan tugas tambahan/kedinasan lainnya
A44: IV. | B44: TINGKAT FAKTOR
B45: FAKTOR 1 | E45: : | F45: PENGETAHUAN YANG DIBUTUHKAN JABATAN | U45: ( | V45: 1 - | W45: =DATA!D21 -> 3 | X45: = | Y45: =IF(AND(W45=1),50,IF(AND(W45=2),200,IF(AND(W45=3),350,IF(AND(W45=4),550,IF(AND(W45=5),750,IF(AND(W45=6),950,IF(AND(W45=7),1250,0))))))) -> 350 | AA45: ) | AC45: FAC 1 | AD45: TESfac1-1 | AE45: TESfac1-2 | AF45: TESfac1-3 | AG45: TESfac1-4 | AH45: TESfac1-5 | AI45: TESfac1-6 | AJ45: TESfac1-7 | AR45: unit
F46: ="Jabatan "&$H$9&" "&AR46&" "&AC46 -> Jabatan Pengadministrasi Perkantoran Sekretariat Dinas Penanaman Modal dan Pelayanan Terpadu Satu Pintu memerlukan pengetahuan tentang sejumlah peraturan, prosedur, dan operasi, yang membutuhkan pelatihan dan pengalaman yang cukup untuk melaksanakan pekerjaan klerek dan menyelesaikan masalah yang muncul serta memerlukan memerlukan keterampilan, yang membutuhkan pelatihan dan pengalaman yang cukup, untuk mengoperasikan dan menyesuaikan peralatan dalam berbagai tujuan terkait yang bidang tugas. | AC46: =IF(W45=1,AD46,IF(W45=2,AE46,IF(W45=3,AF46,IF(W45=4,AG46,IF(W45=5,AH46,IF(W45=6,AI46,IF(W45=7,AJ46,"0"))))))) -> memerlukan pengetahuan tentang sejumlah peraturan, prosedur, dan operasi, yang membutuhkan pelatihan dan pengalaman yang cukup untuk melaksanakan pekerjaan klerek dan menyelesaikan masalah yang muncul serta memerlukan memerlukan keterampilan, yang membutuhkan pelatihan dan pengalaman yang cukup, untuk mengoperasikan dan menyesuaikan peralatan dalam berbagai tujuan terkait yang bidang tugas. | AD46: memerlukan pengetahuan tentang tugas atau operasi yang sederhana, rutin, atau berulang, yang secara khusus mengikuti instruksi langkah demi langkah, dan sedikit atau sama sekali tidak membutuhkan pelatihan atau pengalaman sebelumnya serta memerlukan keterampilan untuk menjalankan peralatan sederhana atau peralatan yang beroperasi secara berkala, yang sedikit atau sama sekali tidak membutuhkan pelatihan atau pengalaman terkait bidang tugas. | AE46: memerlukan pengetahuan tentang prosedur, peraturan, atau operasi dasar atau umum, yang secara khusus membutuhkan sedikit pelatihan atau pengalaman sebelumnya terkait bidang tugas. | AF46: memerlukan pengetahuan tentang sejumlah peraturan, prosedur, dan operasi, yang membutuhkan pelatihan dan pengalaman yang cukup untuk melaksanakan pekerjaan klerek dan menyelesaikan masalah yang muncul serta memerlukan memerlukan keterampilan, yang membutuhkan pelatihan dan pengalaman yang cukup, untuk mengoperasikan dan menyesuaikan peralatan dalam berbagai tujuan terkait yang bidang tugas. | AG46: memerlukan pengetahuan tentang sejumlah peraturan, prosedur, atau operasi, serta standar prosedur dibidang teknik, yang membutuhkan pelatihan atau pengalaman luas untuk melaksanakan berbagai pekerjaan yang tidak standar dan saling berhubungan, dan menyelesaikan berbagai macam masalah sesuai bidang tugasnya. | AH46: memerlukan pengetahuan dasar tentang prinsip, konsep, dan metodologi pekerjaan administratif dan keterampilan dalam penerapan pengetahuan tersebut untuk melaksanakan tugas, operasi, atau prosedur dasar terkait bidang tugas. | AI46: memerlukan pengetahuan dasar tentang prinsip, konsep, dan metodologi pekerjaan profesional atau pekerjaan administratif, dalam penerapan pengetahuan tersebut untuk melaksanakan tugas, operasi, atau prosedur dasar serta pengembangan pengetahuan profesional atau pengetahuan administratif yang diperoleh melalui pengalaman atau lulus sarjana yang relevan, yang memberikan keahlian dalam pelaksanaan tugas, operasi dan prosedur pekerjaan yang secara signifikan lebih sulit dan rumit. | AJ46: memerlukan pengetahuan tentang berbagai konsep, prinsip, dan praktek pekerjaan profesional atau administratif, yang dapat diperoleh melalui pendidikan diatas sarjana atau pengalaman yang luas, dan keterampilan didalam penerapan pengetahuan tersebut dalam pekerjaan yang sulit dan kompleks. | AR46: =IF($H$11="-",$H$12,$H$11) -> Sekretariat Dinas Penanaman Modal dan Pelayanan Terpadu Satu Pintu
B47: FAKTOR 2 | E47: : | F47: PENGAWASAN PENYELIA | U47: ( | V47: 2 - | W47: =DATA!D22 -> 1 | X47: = | Y47: =IF(AND(W47=1),25,IF(AND(W47=2),125,IF(AND(W47=3),275,IF(AND(W47=4),450,IF(AND(W47=5),650,0))))) -> 25 | AA47: ) | AC47: FAC2A | AD47: FAC2B | AE47: TESFAC2A_1 | AF47: TESFAC2B_1 | AG47: TESFAC2A_2 | AH47: TESFAC2B_2 | AI47: TESFAC2A_3 | AJ47: TESFAC2B_3 | AK47: TESFAC2A_4 | AL47: TESFAC2B_4 | AM47: TESFAC2A_5 | AN47: TESFAC2B_5
F48: =AC48 -> Penyelia membuat tugas tertentu disertai dengan instruksi yang jelas, terperinci, dan spesifik Untuk tugas sejenis dan berulang. | AC48: =IF(W47=1,AE48,IF(W47=2,AG48,IF(W47=3,AI48,IF(W47=4,AK48,IF(W47=5,AM48,0))))) -> Penyelia membuat tugas tertentu disertai dengan instruksi yang jelas, terperinci, dan spesifik Untuk tugas sejenis dan berulang. | AD48: =IF(W47=1,AF48,IF(W47=2,AH48,IF(W47=3,AJ48,IF(W47=4,AL48,IF(W47=5,AN48,0))))) -> bekerja sesuai instruksi dan berkonsultasi dengan penyelia sebagaimana dibutuhkan untuk semua persoalan yang tidak spesifik dicakup di dalam instruksi atau pedoman, pekerjaan diawasi dengan teliti dan dalam situasi tertentu, penyelia melakukan peninjauan pekerjaan, termasuk pengecekan kemajuan pekerjaan atau peninjauan pekerjaan yang telah selesai untuk tujuan keakuratan, kecukupan, dan ketaatan pada instruksi dan prosedur yang ditetapkan. | AE48: Penyelia membuat tugas tertentu disertai dengan instruksi yang jelas, terperinci, dan spesifik Untuk tugas sejenis dan berulang. | AF48: bekerja sesuai instruksi dan berkonsultasi dengan penyelia sebagaimana dibutuhkan untuk semua persoalan yang tidak spesifik dicakup di dalam instruksi atau pedoman, pekerjaan diawasi dengan teliti dan dalam situasi tertentu, penyelia melakukan peninjauan pekerjaan, termasuk pengecekan kemajuan pekerjaan atau peninjauan pekerjaan yang telah selesai untuk tujuan keakuratan, kecukupan, dan ketaatan pada instruksi dan prosedur yang ditetapkan. | AG48: Penyelia memberikan tugas berkelanjutan atau tugas tertentu dengan mengindikasikan secara umum apa yang harus diselesaikan, batasan, kualitas, dan kuantitas yang diharapkan, batas waktu dan prioritas tugas. Penyelia memberikan tambahan instruksi untuk tugas baru, sulit, atau yang tidak biasa, termasuk metode kerja yang disarankan atau saran pada sumber materi yang tersedia. | AH48: menggunakan inisiatif dalam melaksanakan tugas yang berulang secara mandiri tanpa instruksi spesifik, tapi melaporkan deviasi, masalah, dan situasi yang tidak lazim yang tidak dicakup dalam instruksi kepada penyelia untuk membuat keputusan atau meminta bantuan.Penyelia menjamin bahwa pekerjaan yang telah selesai dan metode yang digunakan adalah secara teknik akurat dan memenuhi instruksi atau prosedur yang ada. | AI48: Penyelia memberikan tugas dengan tujuan, prioritas, dan batas waktu yang ditentukan, dan membantu pegawai pada situasi yang tidak lazim dan belum ada contoh yang jelas. | AJ48: merencanakan dan melaksanakan langkah-langkah yang sesuai dan menangani masalah dan deviasi pekerjaan sesuai dengan instruksi, kebijakan, latihan sebelumnya, atau praktek yang berlaku.Pekerjaan yang telah selesai biasanya dievaluasi untuk kesesuaian teknik, kelayakan dan kesesuaian pada kebijakan dan persyaratan. Metode yang digunakan untuk mendapatkan hasil akhir biasanya tidak ditinjau secara terperinci. | AK48: Penyelia menentukan tujuan dan sumber daya yang tersedia. Pegawai dan penyelia berkonsultasi mengembangkan batas waktu, proyek, dan pekerjaan yang harus dilakukan. | AL48: mempunyai keahlian dalam pekerjaan, bertanggungjawab untuk perencanaan dan pelaksanaan tugas, pemecahan sebagian besar konflik yang timbul, pengkoordinasian pekerjaan dengan yang lainnya sebagaimana diperlukan, dan menginterpretasikan kebijakan atas inisiatif sendiri sesuai dengan tujuan yang ditetapkan serta menginformasikan kepada penyelia terkait kemajuan dan masalah kontroversial yang terjadi. | AM48: Penyelia memberikan tugas dengan petunjuk dalam terminologi misi atau fungsi yang didefenisikan dengan luas. | AN48: mempunyai tanggungjawab untuk perencanaan, desain, dan pelaksanaan program, proyek, studi, atau pekerjaan secara mandiri sesuai bidang tugas.
F49: ="Jabatan "&H9&" "&AD48 -> Jabatan Pengadministrasi Perkantoran bekerja sesuai instruksi dan berkonsultasi dengan penyelia sebagaimana dibutuhkan untuk semua persoalan yang tidak spesifik dicakup di dalam instruksi atau pedoman, pekerjaan diawasi dengan teliti dan dalam situasi tertentu, penyelia melakukan peninjauan pekerjaan, termasuk pengecekan kemajuan pekerjaan atau peninjauan pekerjaan yang telah selesai untuk tujuan keakuratan, kecukupan, dan ketaatan pada instruksi dan prosedur yang ditetapkan.
B50: FAKTOR 3 | E50: : | F50: PEDOMAN | U50: ( | V50: 3 - | W50: =DATA!D23 -> 1 | X50: = | Y50: =IF(AND(W50=1),25,IF(AND(W50=2),125,IF(AND(W50=3),275,IF(AND(W50=4),450,IF(AND(W50=5),650,0))))) -> 25 | AA50: ) | AC50: FAC3 | AD50: TESFAC3_1 | AE50: TESFAC3_2 | AF50: TESFAC3_3 | AG50: TESFAC3_4
F51: ="Jabatan "&$H$9&" "&AC51 -> Jabatan Pengadministrasi Perkantoran menggunakan pedoman yang terperinci dan khusus, meliputi semua aspek penting tugas yang diberikan. Pegawai pada jabatan ini harus patuh dan taat pada pedoman, perubahan maupun penyimpangan dari pedoman harus diketahui dan disetujui oleh penyelia. | AC51: =IF(W50=1,AD51,IF(W50=2,AE51,IF(W50=3,AF51,IF(W50=4,AG51,0)))) -> menggunakan pedoman yang terperinci dan khusus, meliputi semua aspek penting tugas yang diberikan. Pegawai pada jabatan ini harus patuh dan taat pada pedoman, perubahan maupun penyimpangan dari pedoman harus diketahui dan disetujui oleh penyelia. | AD51: menggunakan pedoman yang terperinci dan khusus, meliputi semua aspek penting tugas yang diberikan. Pegawai pada jabatan ini harus patuh dan taat pada pedoman, perubahan maupun penyimpangan dari pedoman harus diketahui dan disetujui oleh penyelia. | AE51: menggunakan prosedur untuk melaksanakan pekerjaan yang ditetapkan dan sejumlah pedoman tersedia. Pegawai mengunakan pertimbangan dalam memilih pedoman, referensi, dan prosedur yang paling tepat untuk diterapkan pada kasus tertentu dengan deviasi yang terkecil. Pegawai dapat menentukan alternatif yang ada untuk digunakan. Situasi dimana pedoman yang ada tidak dapat diterapkan atau terjadi penyimpangan dari pedoman yang diajukan harus mengacu pada penyelia. | AF51: melaksanakan pekerjaan menggunakan pedoman yang tersedia tapi tidak sepenuhnya dapat diterapkan pada pekerjaan atau mempunyai kesenjangan dalam spesifikasi. Pegawai menggunakan pertimbangan dalam menginterpretasikan dan mengadaptasikan pedoman seperti kebijakan lembaga, peraturan, dan langkah kerja untuk penerapan pada masalah atau kasus tertentu serta menganalisa hasil dan merekomendasikan perubahan. | AG51: melaksanakan pekerjaan dengan kebijakan dan peraturan yang dapat diterapkan tetapi dinyatakan dalam terminologi umum. Pedoman pelaksanaan pekerjaan langka atau penggunaannya terbatas. Pegawai pada jabatan ini menggunakan inisiatif dan akal pikiran dalam penyimpangan dari metode atau kecenderungan dan pola yang ada untuk mengembangkan metode, kriteria, atau kebijakan baru.
B52: FAKTOR 4 | E52: : | F52: KOMPLEKSITAS | U52: ( | V52: 4 - | W52: =DATA!D24 -> 1 | X52: = | Y52: =IF(AND(W52=1),25,IF(AND(W52=2),75,IF(AND(W52=3),150,IF(AND(W52=4),225,IF(AND(W52=5),325,IF(AND(W52=6),450,0)))))) -> 25 | AA52: ) | AC52: FAC4 | AD52: TESFAC4_1 | AE52: TESFAC4_2 | AF52: TESFAC4_3 | AG52: TESFAC4_4 | AH52: TESFAC4_5
F53: ="Jabatan "&$H$9&" "&AC53 -> Jabatan Pengadministrasi Perkantoran melaksanakan pekerjaan terdiri dari tugas-tugas yang jelas dan berhubungan secara langsung, dengan sedikit atau sama sekali tidak ada pilihan yang harus dibuat di dalam memutuskan apa yang harus dilakukan.Tindakan yang akan diambil atau respons yang harus dibuat sudah dapat dilihat. Pekerjaan secara cepat dapat dikuasai. | AC53: =IF(W52=1,AD53,IF(W52=2,AE53,IF(W52=3,AF53,IF(W52=4,AG53,IF(W52=5,AH53,0))))) -> melaksanakan pekerjaan terdiri dari tugas-tugas yang jelas dan berhubungan secara langsung, dengan sedikit atau sama sekali tidak ada pilihan yang harus dibuat di dalam memutuskan apa yang harus dilakukan.Tindakan yang akan diambil atau respons yang harus dibuat sudah dapat dilihat. Pekerjaan secara cepat dapat dikuasai. | AD53: melaksanakan pekerjaan terdiri dari tugas-tugas yang jelas dan berhubungan secara langsung, dengan sedikit atau sama sekali tidak ada pilihan yang harus dibuat di dalam memutuskan apa yang harus dilakukan.Tindakan yang akan diambil atau respons yang harus dibuat sudah dapat dilihat. Pekerjaan secara cepat dapat dikuasai. | AE53: melaksanakan pekerjaan yang terdiri dari tugas yang mencakup langkah, proses, atau metode yang berhubungan.Keputusan mengenai apa yang harus dilakukan, mencakup berbagai macam pilihan yang mempersyaratkan pegawai perlu mengenali keberadaan dan perbedaan diantara beberapa situasi yang secara mudah dapat dikenali. Tindakan yang diambil atau respons yang dibuat adalah berbeda tergantung pada sumber informasi, cara mendapatkan informasi (transaksi), atau perbedaan sifat faktual lainnya. | AF53: melaksanakan pekerjaan yang mencakup berbagai tugas yang melibatkan proses dan metode yang berbeda dan tidak berhubungan. Keputusan mengenai apa yang harus dilakukan, tergantung pada analisa subjek, fase, atau persoalan yang terlibat dalam setiap tugas, atau tindakan yang diambil harus dipilih dari berbagai macam alternatif. Pekerjaan melibatkan kondisi dan elemen yang harus diidentifikasi dan dianalisa untuk melihat hubungan timbal balik | AG53: Melaksanakan pekerjaan yang mencakup berbagai tugas yang membutuhkan berbagai macam proses dan metode yang berbeda dan tidak berhubungan, seperti tugas yang berhubungan dengan bidang pekerjaan administratif atau bidang pekerjaan profesional. Keputusan mengenai apa yang harus dilakukan, membutuhkan penilaian dari keadaan yang tidak lazim, variasi pendekatan, dan data yang tidak lengkap atau yang bermasalah. Pekerjaan mempersyaratkan beberapa keputusan tentang penginterpretasian data yang sangat besar, perencanaan kerja, atau penyempurnaan metode dan teknik yang akan digunakan. | AH53: melaksanakan pekerjaan mencakup berbagai tugas yang membutuhkan berbagai macam proses dan metode yang berbeda dan tidak berhubungan, yang diterapkan pada suatu aktifitas yang luas atau analisa yang sangat dalam, khususnya untuk bidang pekerjaan administratif dan bidang pekerjaan profesional. Keputusan mengenai apa yang harus dilakukan, membutuhkan ketidakpastian yang besar dalam hal pendekatan, metodologi, atau interpretasi dan evaluasi proses, yang dihasilkan dari suatu unsur yang berubah dan berkelanjutan dalam program, pengembangan teknologi, fenomena yang tidak dapat diduga, atau persyaratan yang bermasalah. Pekerjaan membutuhkan teknik baru, penetapan kriteria baru, atau pengembangan informasi baru.
B54: FAKTOR 5 | E54: : | F54: RUANG LINGKUP DAN DAMPAK | U54: ( | V54: 5 - | W54: =DATA!D25 -> 1 | X54: = | Y54: =IF(AND(W54=1),25,IF(AND(W54=2),75,IF(AND(W54=3),150,IF(AND(W54=4),255,IF(AND(W54=5),325,IF(AND(W54=6),450,0)))))) -> 25 | AA54: ) | AC54: FAC5 | AD54: TESFAC5_1 | AE54: TESFAC5_2 | AF54: TESFAC5_3 | AG54: TESFAC5_4
F55: ="Ruang lingkup jabatan "&$H$9&" "&AC55 -> Ruang lingkup jabatan Pengadministrasi Perkantoran meliputi pekerjaan tertentu bersifat rutin dengan beberapa prosedur yang terpisah. Hasil kerja dan jasa yang diberikan untuk memfasilitasi pekerjaan orang lain tetapi mempunyai sedikit dampak di luar unit organisasi langsung. | AC55: =IF(W54=1,AD55,IF(W54=2,AE55,IF(W54=3,AF55,IF(W54=4,AG55,0)))) -> meliputi pekerjaan tertentu bersifat rutin dengan beberapa prosedur yang terpisah. Hasil kerja dan jasa yang diberikan untuk memfasilitasi pekerjaan orang lain tetapi mempunyai sedikit dampak di luar unit organisasi langsung. | AD55: meliputi pekerjaan tertentu bersifat rutin dengan beberapa prosedur yang terpisah. Hasil kerja dan jasa yang diberikan untuk memfasilitasi pekerjaan orang lain tetapi mempunyai sedikit dampak di luar unit organisasi langsung. | AE55: meliputi pelaksanaan peraturan, regulasi, atau prosedur tertentu, dan merupakan bagian dari suatu tugas atau proyek dengan ruang lingkup yang lebih luas. Hasil kerja atau jasa mempengaruhi keakuratan, kelayakan, atau akseptabilitas dari proses atau pelayanan lebih lanjut. | AF55: meliputi perlakuan terhadap berbagai macam masalah, pertanyaan, atau situasi konvensional sesuai dengan kriteria yang ditetapkan. Hasil kerja atau jasa mempengaruhi desain atau operasi dari sistem, program, atau peralatan serta kelayakan kegiatan dalam bidang tugasnya. | AG55: meliputi penetapan kriteria; memformulasikan proyek; menilai efektifitas program; atau menginvestigasi atau menganalisa berbagai kondisi, masalah, atau pertanyaan yang tidak lazim dalam bidang tugasnya. Hasil kerja atau jasa mempengaruhi berbagai aktivitas lembaga, dan operasi instansi lain.
B56: FAKTOR 6 | E56: : | F56: HUBUNGAN PERSONAL | U56: ( | V56: 6 - | W56: =DATA!D26 -> 1 | X56: = | Y56: =IF(AND(W56=1),10,IF(AND(W56=2),25,IF(AND(W56=3),60,IF(AND(W56=4),110,0)))) -> 10 | AA56: ) | AC56: FAC6 | AD56: TESFAC6_1 | AE56: TESFAC6_2 | AF56: TESFAC6_3 | AR56: unit
F57: ="Jabatan "&$H$9&" pada "&AR57&" "&AC57 -> Jabatan Pengadministrasi Perkantoran pada Sekretariat Dinas Penanaman Modal dan Pelayanan Terpadu Satu Pintu berhubungan dengan pegawai di unit organisasi, kantor perangkat daerah, atau unit kerja, dan di dalam unit pendukung. Dalam situasi yang tertentu, jabatan ini berhubungan dengan anggota masyarakat luas dengan tujuan hubungan dan siapa berhubungan relatif jelas. | AC57: =IF(W56=1,AD57,IF(W56=2,AE57,IF(W56=3,AF57,0))) -> berhubungan dengan pegawai di unit organisasi, kantor perangkat daerah, atau unit kerja, dan di dalam unit pendukung. Dalam situasi yang tertentu, jabatan ini berhubungan dengan anggota masyarakat luas dengan tujuan hubungan dan siapa berhubungan relatif jelas. | AD57: berhubungan dengan pegawai di unit organisasi, kantor perangkat daerah, atau unit kerja, dan di dalam unit pendukung. Dalam situasi yang tertentu, jabatan ini berhubungan dengan anggota masyarakat luas dengan tujuan hubungan dan siapa berhubungan relatif jelas. | AE57: berhubungan dengan pegawai di dalam lembaga yang sama tetapi di luar unit organisasi yang berbeda dalam fungsi, misi, dan jenis kerja. Sedangkan hubungan dengan anggota masyarakat, pegawai jabatan ini sebagai individu atau grup. Hubungan biasanya ditetapkan atas dasar rutin, biasanya pada ruang kerja pegawai; tujuan dari hubungan tidak jelas pada awalnya untuk satu atau lebih kelompok; dan satu atau lebih pihak tidak terinformasi mengenai peranan dan wewenang maing-masing. | AF57: berhubungan dengan individu atau grup dari luar instansi dan hubungan yang dilakukan tidak ditetapkan atas dasar rutin; tujuan dan maksud dari setiap hubungan berbeda; dan peranan dan wewenang masing-masing dikembangkan dan diidentifikasikan selama berhubungan. | AR57: =IF($H$11="-",$H$12,$H$11) -> Sekretariat Dinas Penanaman Modal dan Pelayanan Terpadu Satu Pintu
B58: FAKTOR 7 | E58: : | F58: TUJUAN HUBUNGAN | U58: ( | V58: 7 - | W58: =DATA!D27 -> 1 | X58: = | Y58: =IF(AND(W58=1),20,IF(AND(W58=2),50,IF(AND(W58=3),120,IF(AND(W58=4),220,0)))) -> 20 | AA58: ) | AC58: FAC7 | AD58: TESFAC7_1 | AE58: TESFAC7_2 | AF58: TESFAC7_3
F59: =AC59 -> Tujuan hubungan adalah untuk memperoleh, mengklarifikasi, atau memberikan fakta atau informasi tanpa menghiraukan sifat fakta, mulai dari fakta atau informasi yang mudah dimengerti sampai dengan yang sangat teknis. | AC59: =IF(W58=1,AD59,IF(W58=2,AE59,IF(W58=3,AF59,0))) -> Tujuan hubungan adalah untuk memperoleh, mengklarifikasi, atau memberikan fakta atau informasi tanpa menghiraukan sifat fakta, mulai dari fakta atau informasi yang mudah dimengerti sampai dengan yang sangat teknis. | AD59: Tujuan hubungan adalah untuk memperoleh, mengklarifikasi, atau memberikan fakta atau informasi tanpa menghiraukan sifat fakta, mulai dari fakta atau informasi yang mudah dimengerti sampai dengan yang sangat teknis. | AE59: Tujuan hubungan adalah untuk merencanakan, mengkoordinasikan, atau mengarahkan pekerjaan atau untuk memecahkan masalah dengan mempengaruhi atau memotivasi individu atau kelompok untuk mencapai tujuan bersama dan yang pada dasarnya mempunyai sikap bekerjasama. | AF59: Tujuan hubungan adalah untuk mempengaruhi, memotivasi, menginterogasi, mengawasi orang atau group (kelompok). Orang yang dihubungi mungkin penakut, skeptis, tidak mau bekerjasama, atau berbahaya. Pegawai dalam jabatan ini harus mempunyai keahlian dalam mendekati individu atau kelompok untuk mencapai tujuan yang diinginkan, seperti untuk mencapai kesesuaian dengan kebijakan dan peraturan yang ada melalui persuasi atau negosiasi, atau memperoleh informasi dengan membuat laporan kepada informan.
B60: FAKTOR 8 | E60: : | F60: PERSYARATAN FISIK | U60: ( | V60: 8 - | W60: =DATA!D28 -> 1 | X60: = | Y60: =IF(AND(W60=1),5,IF(AND(W60=2),20,IF(AND(W60=3),50,0))) -> 5 | AA60: ) | AC60: FAC8 | AD60: TESFAC8_1 | AE60: TESFAC8_2 | AF60: TESFAC8_3
F61: =AC61 -> Pekerjaan adalah menetap. Pegawai dapat duduk dengan nyaman untuk melakukan pekerjaan. Walaupun demikian mungkin kadang-kadang berjalan, berdiri, menunduk, membawa benda ringan seperti kertas, buku atau bagian yang kecil; atau mengendarai sepeda motor atau mobil. Tidak ada persyaratan fisik khusus yang dibutuhkan untuk melaksanakan pekerjaan. | AC61: =IF(W60=1,AD61,IF(W60=2,AE61,IF(W60=3,AF61,0))) -> Pekerjaan adalah menetap. Pegawai dapat duduk dengan nyaman untuk melakukan pekerjaan. Walaupun demikian mungkin kadang-kadang berjalan, berdiri, menunduk, membawa benda ringan seperti kertas, buku atau bagian yang kecil; atau mengendarai sepeda motor atau mobil. Tidak ada persyaratan fisik khusus yang dibutuhkan untuk melaksanakan pekerjaan. | AD61: Pekerjaan adalah menetap. Pegawai dapat duduk dengan nyaman untuk melakukan pekerjaan. Walaupun demikian mungkin kadang-kadang berjalan, berdiri, menunduk, membawa benda ringan seperti kertas, buku atau bagian yang kecil; atau mengendarai sepeda motor atau mobil. Tidak ada persyaratan fisik khusus yang dibutuhkan untuk melaksanakan pekerjaan. | AE61: Pekerjaan dalam jabatan ini membutuhkan tenaga fisik seperti berdiri dalam waktu yang lama; berjalan di jalan yang kasar, tidak rata, atau permukaan berbatu; aktivitas memerlukan membengkok, meringkuk, membungkuk, merentangkan, mengapai, atau sejenisnya; mengangkat benda yang cukup berat berulang, pekerjaan tersebut mungkin membutuhkan karakteristik dan kemampuan fisik seperti ketangkasan dan kegesitan di atas rata-rata. | AF61: Pekerjaan ini membutuhkan tenaga fisik yang besar dan luar biasa seperti sering menaiki tangga yang tinggi, mengangkat benda berat, meringkuk atau merangkak di daerah terlarang, dan mempertahankan diri sendiri atau yang lain terhadap serangan fisik.
B62: FAKTOR 9 | E62: : | F62: LINGKUNGAN KERJA | U62: ( | V62: 9 - | W62: =DATA!D29 -> 1 | X62: = | Y62: =IF(AND(W62=1),5,IF(AND(W62=2),20,IF(AND(W62=3),50,0))) -> 5 | AA62: ) | AC62: FAC9 | AD62: TESFAC9_1 | AE62: TESFAC9_2 | AF62: TESFAC9_3
F63: ="Jabatan "&$H$9&" "&AC63 -> Jabatan Pengadministrasi Perkantoran melakukan pekerjaan pada lingkungan yang membawa resiko dan ketidaknyamanan setiap hari, yang membutuhkan tindakan pencegahan keamanan khususnya pada tempat-tempat seperti, kantor, ruang rapat dan pelatihan, perpustakaan, perumahan, kendaraan umum; antara lain, penggunaan praktek kerja yang aman pada peralatan kantor, menghindari licin dan jatuh, pengamatan peraturan kebakaran dan tanda lalu lintas. Situasi kerja cukup terang, tidak panas, dan cukup ventilasi. | AC63: =IF(W62=1,AD63,IF(W62=2,AE63,IF(W62=3,AF63,0))) -> melakukan pekerjaan pada lingkungan yang membawa resiko dan ketidaknyamanan setiap hari, yang membutuhkan tindakan pencegahan keamanan khususnya pada tempat-tempat seperti, kantor, ruang rapat dan pelatihan, perpustakaan, perumahan, kendaraan umum; antara lain, penggunaan praktek kerja yang aman pada peralatan kantor, menghindari licin dan jatuh, pengamatan peraturan kebakaran dan tanda lalu lintas. Situasi kerja cukup terang, tidak panas, dan cukup ventilasi. | AD63: melakukan pekerjaan pada lingkungan yang membawa resiko dan ketidaknyamanan setiap hari, yang membutuhkan tindakan pencegahan keamanan khususnya pada tempat-tempat seperti, kantor, ruang rapat dan pelatihan, perpustakaan, perumahan, kendaraan umum; antara lain, penggunaan praktek kerja yang aman pada peralatan kantor, menghindari licin dan jatuh, pengamatan peraturan kebakaran dan tanda lalu lintas. Situasi kerja cukup terang, tidak panas, dan cukup ventilasi. | AE63: melakukan pekerjaan pada lingkungan yang membawa resiko tinggi dengan berhadapan pada situasi bahaya yang sangat potensial atau stres lingkungan yang tidak umum, yang mempersyaratkan pengamanan dan tindakan pencegahan antara lain: bekerja pada tempat yang sangat tinggi dibawah kondisi cuaca yang ekstrim, yang memungkinkan serangan fisik, atau situasi sejenis dimana kondisi tidak dapat dikontrol. | AF63: melakukan pekerjaan pada lingkungan yang membawa resiko dan ketidaknyamanan yang cukup besar, yang memerlukan tindakan pencegahan keamanan khusus antara lain, bekerja disekitar benda bergerak, kereta, atau mesin; berhadapan dengan penyakit menular atau iritasi bahan kimia. Pegawai dipersyaratkan menggunakan pakaian pelindung, seperti topeng, baju, jaket, sepatu boot, kacamata debu, sarungtangan, atau baju pelindung.
A65: V. | B65: PERSYARATAN JABATAN TERTENTU
B66: -
B67: Terakhir diperbarui | G67: :
A74: FORMULIR HASIL EVALUASI JABATAN PELAKSANA
A76: Nama Jabatan | I76: : | J76: ='URAIAN JABATAN'!G9 -> Pengadministrasi Perkantoran
A77: Unit Organisasi | I77: :
A78: - | B78: Eselon IV | I78: : | J78: ='URAIAN JABATAN'!G14 -> -
A79: - | B79: Eselon III | I79: : | J79: ='URAIAN JABATAN'!G13 -> Sekretariat Dinas Penanaman Modal dan Pelayanan Terpadu Satu Pintu
A80: Perangkat Daerah | I80: : | J80: ='URAIAN JABATAN'!G12 -> Dinas Penanaman Modal dan Pelayanan Terpadu Satu Pintu
A82: Faktor Evaluasi | M82: Nilai Yang diberikan | Q82: Standar Jabatan yang digunakan (jika ada) | U82: Keterangan
A83: 1. | B83: Faktor 1 | E83: : | F83: Pengetahuan Yang Dibutuhkan Jabatan | M83: =Y45 -> 350 | U83: Tingkat Faktor 1 | Z83: - | AA83: =W45 -> 3
A84: 2. | B84: Faktor 2 | E84: : | F84: Pengawasan Penyelia | M84: =Y47 -> 25 | U84: Tingkat Faktor 2 | Z84: - | AA84: =W47 -> 1
A85: 3. | B85: Faktor 3 | E85: : | F85: Pedoman | M85: =Y50 -> 25 | U85: Tingkat Faktor 3 | Z85: - | AA85: =W50 -> 1
A86: 4. | B86: Faktor 4 | E86: : | F86: Kompleksitas | M86: =Y52 -> 25 | U86: Tingkat Faktor 4 | Z86: - | AA86: =W52 -> 1
A87: 5. | B87: Faktor 5 | E87: : | F87: Ruang Lingkup dan Dampak | M87: =Y54 -> 25 | U87: Tingkat Faktor 5 | Z87: - | AA87: =W54 -> 1
A88: 6. | B88: Faktor 6 | E88: : | F88: Hubungan Personal | M88: =Y56 -> 10 | U88: Tingkat Faktor 6 | Z88: - | AA88: =W56 -> 1
A89: 7. | B89: Faktor 7 | E89: : | F89: Tujuan Hubungan | M89: =Y58 -> 20 | U89: Tingkat Faktor 7 | Z89: - | AA89: =W58 -> 1
A90: 8. | B90: Faktor 8 | E90: : | F90: Persyaratan Fisik | M90: =Y60 -> 5 | U90: Tingkat Faktor 8 | Z90: - | AA90: =W60 -> 1
A91: 9. | B91: Faktor 9 | E91: : | F91: Lingkungan Kerja | M91: =Y62 -> 5 | U91: Tingkat Faktor 9 | Z91: - | AA91: =W62 -> 1
A92: KESIMPULAN | B92: Total Nilai | M92: =SUM(M83:P91) -> 490
B93: Kelas Jabatan | M93: =IF(M92>=4055,"17",IF(M92>=3605,"16",IF(M92>=3155,"15",IF(M92>=2755,"14",IF(M92>=2355,"13",IF(M92>=2105,"12",IF(M92>=1855,"11",IF(M92>=1605,"10",IF(M92>=1355,"9",IF(M92>=1105,"8",IF(M92>=855,"7",IF(M92>=655,"6",IF(M92>=455,"5",IF(M92>=375,"4",IF(M92>=305,"3",IF(M92>=245,"2",IF(M92>=190,"1"))))))))))))))))) -> 5 | U93: ( | V93: =IF(M93="15","3155-3600",IF(M93="14","2755-3150",IF(M93="13","2355-2750",IF(M93="12","2105-2350",IF(M93="11","1855-2100",IF(M93="10","1605-1850",IF(M93="9","1355-1600",IF(M93="8","1105-1350",IF(M93="7","855-1100",IF(M93="6","655-850",IF(M93="5","455-650",IF(M93="4","375-450",IF(M93="3","305-570"))))))))))))) -> 455-650 | AA93: )
A95: Tim Penyusunan Evaluasi Jabatan
A96: Ketua,
A99: ----------------------------------------
F103: Pejabat yang bersangkutan | W103: Kepala Perangkat Daerah
B107: ----------------------------------------- | T107: ----------------------------------------
B108: NIP. | T108: NIP.

Sheet INFOJAB
A5: PEMERINTAH KOTA SEMARANG
A7: INFORMASI JABATAN
A9: 1. | B9: NAMA JABATAN | G9: : | H9: ='URAIAN JABATAN'!G9 -> Pengadministrasi Perkantoran
A10: 2. | B10: KODE JABATAN | G10: : | H10: ='URAIAN JABATAN'!G10 -> 23.1.1.0.8
A11: 3. | B11: UNIT KERJA | G11: :
B12: a. | C12: JPT Utama | G12: : | H12: -
B13: b. | C13: JPT Madya | G13: : | H13: -
B14: c. | C14: JPT Pratama/UOBK | G14: : | H14: ='URAIAN JABATAN'!G12 -> Dinas Penanaman Modal dan Pelayanan Terpadu Satu Pintu
B15: d. | C15: Administrator | G15: : | H15: ='URAIAN JABATAN'!G13 -> Sekretariat Dinas Penanaman Modal dan Pelayanan Terpadu Satu Pintu
B16: e. | C16: Pengawas | G16: : | H16: ='URAIAN JABATAN'!G14 -> -
B17: f. | C17: Pelaksana | G17: : | H17: -
B18: g. | C18: Jabatan Fungsional | G18: : | H18: -
A19: 4. | B19: IKHTISAR JABATAN | G19: :
B20: ='URAIAN JABATAN'!B33 -> Melaksanakan kegiatan dukungan administrasi perkantoran, pemerintahan, dan pelayanan publik dalam lingkup tugas perencanaan, evaluasi, dan pelaporan.
A21: 5. | B21: KUALIFIKASI JABATAN | G21: :
B22: a. | C22: Pendidikan Formal | I22: : | J22: ='URAIAN JABATAN'!I117 -> SLTA Sederajat/D-3(Diploma-Tiga) bidang yang relevan dengan tugas jabatan
B23: b. | C23: Pendidikan dan Pelatihan | I23: : | J23: Diklat teknis sesuai bidang tugas
B24: c. | C24: Pengalaman kerja | I24: : | J24: =DATA!D33 -> -
A25: 6. | B25: TUGAS POKOK | F25: :
B26: NO | C26: URAIAN TUGAS | I26: HASIL KERJA | O26: JUMLAH HASIL | R26: WAKTU PENYELESAIAN (JAM) | T26: WAKTU EFEKTIF | V26: KEBUTUHAN PEGAWAI
B27: 1 | C27: ='URAIAN JABATAN'!C35 -> Melakukan penatausahaan surat dan dokumen yang meliputi penerimaan, penelitian, verifikasi, pencatatan, dan distribusi surat dan dokumen dalam lingkup tugas perencanaan, evaluasi, dan pelaporan | I27: ='URAIAN JABATAN'!C65 -> Laporan kegiatan penatausahaan surat dan dokumen dalam lingkup tugas perencanaan, evaluasi, dan pelaporan | O27: =ABK!K10 -> 240 | R27: =ABK!L10 -> 1,5 | T27: =ABK!M10 -> 1250 | V27: =O27*R27/T27 -> #VALUE!
B28: 2 | C28: ='URAIAN JABATAN'!C36 -> Menyusun dan menyediakan surat dan dokumen sesuai tata naskah dinas yang berlaku dalam lingkup tugas perencanaan, evaluasi, dan pelaporan | I28: ='URAIAN JABATAN'!C66 -> Dokumen dan surat dalam lingkup tugas perencanaan, evaluasi, dan pelaporan | O28: =ABK!K11 -> 48 | R28: =ABK!L11 -> 4,5 | T28: =ABK!M11 -> 1250 | V28: =O28*R28/T28 -> #VALUE!
B29: 3 | C29: ='URAIAN JABATAN'!C37 -> Melakukan penyimpanan dan pengarsipan sesuai dengan tata kelola arsip terhadap surat dan dokumen dalam lingkup tugas perencanaan, evaluasi, dan pelaporan | I29: ='URAIAN JABATAN'!C67 -> Arsip surat dan dokumen dalam lingkup tugas perencanaan, evaluasi, dan pelaporan | O29: =ABK!K12 -> 12 | R29: =ABK!L12 -> 3 | T29: =ABK!M12 -> 1250 | V29: =O29*R29/T29 -> 0.0288
B30: 4 | C30: ='URAIAN JABATAN'!C38 -> Melakukan kegiatan pelayanan publik dalam lingkup tugas perencanaan, evaluasi, dan pelaporan | I30: ='URAIAN JABATAN'!C68 -> Laporan kegiatan pelayanan publik dalam lingkup tugas perencanaan, evaluasi, dan pelaporan | O30: =ABK!K13 -> 240 | R30: =ABK!L13 -> 1,5 | T30: =ABK!M13 -> 1250 | V30: =O30*R30/T30 -> #VALUE!
B31: 5 | C31: ='URAIAN JABATAN'!C39 -> Melaksanakan pemberian dukungan teknis terhadap pelaksanaan tugas dan fungsi unit organisasi berupa penyiapan dan penyusunan dokumen, data, bahan, dan perlengkapan kegiatan dalam rangka pencapaian target kinerja organisasi. | I31: ='URAIAN JABATAN'!C69 -> Dokumen, bahan, dan perlengkapan kegiatan tugas dan fungsi unit organisasi | O31: =ABK!K14 -> 240 | R31: =ABK!L14 -> 1 | T31: =ABK!M14 -> 1250 | V31: =O31*R31/T31 -> 0.192
B32: 6 | C32: ='URAIAN JABATAN'!C40 -> Menyusun laporan pelaksanaan tugas dan menyampaikan kepada pimpinan sebagai wujud akuntabilitas dan pertanggungjawaban pelaksanaan tugas. | I32: ='URAIAN JABATAN'!C70 -> Laporan bulanan pelaksanaan tugas dan kegiatan | O32: =ABK!K15 -> 12 | R32: =ABK!L15 -> 3 | T32: =ABK!M15 -> 1250 | V32: =O32*R32/T32 -> 0.0288
B33: 7 | C33: ='URAIAN JABATAN'!C41 -> Melaksanakan tugas kedinasan lain yang diberikan oleh pimpinan, baik lisan maupun tertulis sebagai wujud loyalitas dan kerjasama yang baik. | I33: ='URAIAN JABATAN'!C71 -> Laporan tugas tambahan/kedinasan lainnya | O33: =ABK!K16 -> 2 | R33: =ABK!L16 -> 1,5 | T33: =ABK!M16 -> 1250 | V33: =O33*R33/T33 -> #VALUE!
B34: JUMLAH | R34: =(O27*R27)+(O28*R28)+(O29*R29)+(O30*R30)+(O33*R33)+(O31*R31)+(O32*R32) -> #VALUE! | V34: =SUM(V27:W33) -> #VALUE!
B35: JUMLAH PEGAWAI | V35: =ABK!N18 -> 1
A37: 7. | B37: HASIL KERJA | F37: :
B38: a. | C38: =I27 -> Laporan kegiatan penatausahaan surat dan dokumen dalam lingkup tugas perencanaan, evaluasi, dan pelaporan
B39: b. | C39: =I28 -> Dokumen dan surat dalam lingkup tugas perencanaan, evaluasi, dan pelaporan
B40: c. | C40: =I29 -> Arsip surat dan dokumen dalam lingkup tugas perencanaan, evaluasi, dan pelaporan
B41: d. | C41: =I30 -> Laporan kegiatan pelayanan publik dalam lingkup tugas perencanaan, evaluasi, dan pelaporan
B42: e. | C42: =I31 -> Dokumen, bahan, dan perlengkapan kegiatan tugas dan fungsi unit organisasi
B43: f. | C43: =I32 -> Laporan bulanan pelaksanaan tugas dan kegiatan
B44: g. | C44: =I33 -> Laporan tugas tambahan/kedinasan lainnya
A46: 8. | B46: BAHAN KERJA | F46: :
B48: No | C48: Bahan Kerja | N48: Penggunaan Dalam Tugas
B49: 1 | C49: ='URAIAN JABATAN'!C46 -> Surat/dokumen yang terkait dengan bidang tugas. | N49: ='URAIAN JABATAN'!N46 -> Dasar dan acuan dalam pelaksanaan tugas.
B50: 2 | C50: ='URAIAN JABATAN'!C47 -> Data primer dan sekunder yang terkait dengan pelaksanaan tugas. | N50: ='URAIAN JABATAN'!N47 -> Bahan dan materi penyusunan dokumen.
B51: 3 | C51: ='URAIAN JABATAN'!C48 -> Materi rapat/sosialisasi/bimbingan teknis. | N51: ='URAIAN JABATAN'!N48 -> Referensi dalam pelaksanaan tugas.
B52: 4 | C52: ='URAIAN JABATAN'!C49 -> Buku/Karya Ilmiah | N52: ='URAIAN JABATAN'!N49 -> Referensi dalam pelaksanaan tugas.
B53: 5 | C53: ='URAIAN JABATAN'!C50 -> Kajian yang terkait dengan bidang tugas. | N53: ='URAIAN JABATAN'!N50 -> Referensi dalam pelaksanaan tugas.
B54: 6 | C54: ='URAIAN JABATAN'!C51 -> Informasi yang terkait dengan bidang tugas. | N54: ='URAIAN JABATAN'!N51 -> Referensi dalam pelaksanaan tugas.
A56: 9. | B56: PERANGKAT KERJA | G56: :
B58: No | C58: Perangkat Kerja | N58: Digunakan Untuk Tugas
B59: 1 | C59: ='URAIAN JABATAN'!C56 -> Peraturan Perundang-undangan terkait pelaksanaan tugas. | N59: ='URAIAN JABATAN'!N56 -> Pedoman pelaksanaan tugas.
B60: 2 | C60: ='URAIAN JABATAN'!C57 -> Petunjuk pelaksanaan dan petunjuk teknis | N60: ='URAIAN JABATAN'!N57 -> Dasar dan acuan dalam pelaksanaan tugas.
B61: 3 | C61: ='URAIAN JABATAN'!C58 -> SOP yang terkait dengan pelaksanaan tugas. | N61: ='URAIAN JABATAN'!N58 -> Dasar dan acuan dalam pelaksanaan tugas.
B62: 4 | C62: ='URAIAN JABATAN'!C59 -> Disposisi pimpinan. | N62: ='URAIAN JABATAN'!N59 -> Petunjuk pelaksanaan tugas.
A64: 10. | B64: TANGGUNG JAWAB | G64: :
B66: a. | C66: ='URAIAN JABATAN'!C75 -> Keakuratan dan kelengkapan Laporan kegiatan penatausahaan surat dan dokumen dalam lingkup tugas perencanaan, evaluasi, dan pelaporan
B67: b. | C67: ='URAIAN JABATAN'!C76 -> Keakuratan dan kelengkapan Dokumen dan surat dalam lingkup tugas perencanaan, evaluasi, dan pelaporan
B68: c. | C68: ='URAIAN JABATAN'!C77 -> Keakuratan dan kelengkapan Arsip surat dan dokumen dalam lingkup tugas perencanaan, evaluasi, dan pelaporan
B69: d. | C69: ='URAIAN JABATAN'!C78 -> Keakuratan dan kelengkapan Laporan kegiatan pelayanan publik dalam lingkup tugas perencanaan, evaluasi, dan pelaporan
B70: e. | C70: ='URAIAN JABATAN'!C79 -> Kelancaran pelaksanaan kegiatan serta keakuratan dan kelengkapan dokumen, bahan, dan perlengkapan kegiatan tugas dan fungsi unit organisasi
B71: f. | C71: ='URAIAN JABATAN'!C80 -> Keakuratan dan kelengkapan laporan bulanan pelaksanaan tugas dan kegiatan
B72: g. | C72: ='URAIAN JABATAN'!C81 -> Keakuratan dan kelengkapan laporan tugas tambahan/kedinasan lainnya
A74: 11. | B74: WEWENANG | E74: :
B76: a. | C76: ='URAIAN JABATAN'!C85 -> Menentukan teknis pelaksanaan tugas dan penyusunan laporan terkait bidang tugas.
B77: b. | C77: ='URAIAN JABATAN'!C86 -> Melakukan verifikasi terhadap data dan dokumen yang terkait bidang tugas.
B78: c. | C78: ='URAIAN JABATAN'!C87 -> Menolak pelaksanaan tugas yang tidak sesuai dengan peraturan perundang-undangan.
A80: 12. | B80: KORELASI JABATAN | G80: :
B82: No | C82: Jabatan | J82: Unit Kerja/ Instansi | Q82: Dalam Hal
B83: 1 | C83: ='URAIAN JABATAN'!C92 -> Sekretaris Dinas Penanaman Modal dan Pelayanan Terpadu Satu Pintu | J83: ='URAIAN JABATAN'!J92 -> Sekretariat Dinas Penanaman Modal dan Pelayanan Terpadu Satu Pintu | Q83: ='URAIAN JABATAN'!Q92 -> Menerima perintah, konsultasi dan laporan.
B84: 2 | C84: ='URAIAN JABATAN'!C93 -> Jabatan Fungsional dan Pelaksana | J84: ='URAIAN JABATAN'!J93 -> Sekretariat Dinas Penanaman Modal dan Pelayanan Terpadu Satu Pintu | Q84: ='URAIAN JABATAN'!Q93 -> Koordinasi pelaksanaan tugas.
A86: 13. | B86: KONDISI LINGKUNGAN KERJA | I86: :
B88: No | C88: Aspek | L88: Faktor
B89: 1 | C89: Lokasi kerja | L89: ='URAIAN JABATAN'!L98 -> Dalam ruangan tertutup dan luar ruangan
B90: 2 | C90: Suhu | L90: ='URAIAN JABATAN'!L99 -> Sejuk dengan perubahan
B91: 3 | C91: Udara | L91: ='URAIAN JABATAN'!L100 -> Kering
B92: 4 | C92: Luas ruangan | L92: ='URAIAN JABATAN'!L101 -> Cukup
B93: 5 | C93: Letak | L93: ='URAIAN JABATAN'!L102 -> Rendah, rata, dan strategis
B94: 6 | C94: Penerangan | L94: ='URAIAN JABATAN'!L103 -> Terang
B95: 7 | C95: Suara | L95: ='URAIAN JABATAN'!L104 -> Tenang
B96: 8 | C96: Keadaan tempat kerja | L96: ='URAIAN JABATAN'!L105 -> Bersih
B97: 9 | C97: Getaran | L97: ='URAIAN JABATAN'!L106 -> -
A99: 14. | B99: RESIKO BAHAYA | F99: :
B101: No | C101: Fisik/Mental | L101: Penyebab
B102: 1 | C102: ='URAIAN JABATAN'!C111 -> Kelelahan | L102: ='URAIAN JABATAN'!L111 -> Beban pelaksanaan tugas
B103: 2 | C103: ='URAIAN JABATAN'!C112 -> Kejenuhan | L103: ='URAIAN JABATAN'!L112 -> Rutinitas
B104: 3 | C104: ='URAIAN JABATAN'!C113 -> - | L104: ='URAIAN JABATAN'!L113 -> -
A106: 15. | B106: SYARAT JABATAN | G106: :
B107: a. | C107: Ketrampilan Kerja | G107: : | H107: ='URAIAN JABATAN'!I123 -> Administrasi umum, menyusun dokumen, dan menguasai penggunaan bahan kerja.
B108: b. | C108: Bakat Kerja | G108: :
C109: 1) | D109: ='URAIAN JABATAN'!D125 -> G | E109: = | F109: ='URAIAN JABATAN'!F125 -> Intelegensia (Kemampuan belajar secara umum)
C110: 2) | D110: ='URAIAN JABATAN'!D126 -> F | E110: = | F110: ='URAIAN JABATAN'!F126 -> Kecekatan Jari (Kemampuan menggerakkan jari jemari dengan mudah dan perlu ketrampilan)
B111: c. | C111: Temperamen Kerja
C112: 1) | D112: ='URAIAN JABATAN'!D128 -> P (DEPL) | G112: = | H112: ='URAIAN JABATAN'!H128 -> Kemampuan menyesuaikan diri dalam berhubungan dengan orang lain lebih dari hanya penerimaan dan pembuatan instruksi.
C113: 2) | D113: ='URAIAN JABATAN'!D129 -> R (REPCON) | G113: = | H113: ='URAIAN JABATAN'!H129 -> Kemampuan menyesuaikan diri dalam kegiatan-kegiatan yang berulang, atau secara terus menerus melakukan kegiatan yang sama, sesuai dengan perangkat prosedur, urutan atau kecepatan tertentu.
C114: 3) | D114: ='URAIAN JABATAN'!D130 -> T (STS) | G114: = | H114: ='URAIAN JABATAN'!H130 -> Kemampuan menyesuaikan diri dengan situasi yang menghendaki pencapaian dengan tepat menurut perangkat batas, toleransi atau standar-standar tertentu.
B115: d. | C115: Minat Kerja | F115: :
C116: 1) | D116: ='URAIAN JABATAN'!D132 -> Sosial | H116: : | I116: ='URAIAN JABATAN'!I132 -> Aktivitas yang bersifat sosial atau memerlukan ketrampilan berkomunikasi dengan orang lain.
C117: 2) | D117: ='URAIAN JABATAN'!D133 -> Konvensional | H117: : | I117: ='URAIAN JABATAN'!I133 -> Aktivitas yang memerlukan manipulasi data yang eksplisit, kegiatan administrasi, rutin, dan klerikal.
B118: e. | C118: Upaya Fisik | F118: :
C119: 1) | D119: ='URAIAN JABATAN'!D135 -> Berdiri
C120: 2) | D120: ='URAIAN JABATAN'!D136 -> Duduk
C121: 3) | D121: ='URAIAN JABATAN'!D137 -> Bekerja dengan jari
C122: 4) | D122: ='URAIAN JABATAN'!D138 -> Berbicara
...
